site_url,status
/sakura/1/4/50039.html,つぼみ
/sakura/1/4/50060.html,つぼみ
/sakura/1/4/50043.html,つぼみ
/sakura/1/4/50046.html,つぼみ
/sakura/1/4/50069.html,つぼみ
/sakura/1/4/50064.html,つぼみ
/sakura/1/4/50058.html,つぼみ
/sakura/1/4/50065.html,つぼみ
/sakura/1/4/50036.html,つぼみ
/sakura/1/4/50063.html,つぼみ
/sakura/1/2/50034.html,つぼみ
/sakura/1/2/50030.html,つぼみ
/sakura/1/2/50047.html,つぼみ
/sakura/1/2/50033.html,つぼみ
/sakura/1/2/50066.html,つぼみ
/sakura/1/2/50026.html,つぼみ
/sakura/1/2/50023.html,つぼみ
/sakura/1/2/50048.html,つぼみ
/sakura/1/3/50016.html,つぼみ
/sakura/1/3/50014.html,つぼみ
/sakura/1/3/50022.html,つぼみ
/sakura/1/3/50009.html,つぼみ
/sakura/1/3/50067.html,つぼみ
/sakura/1/3/50017.html,つぼみ
/sakura/1/1/50001.html,つぼみ
/sakura/1/1/50005.html,つぼみ
/sakura/3/23/50171.html,満開
/sakura/3/23/51031.html,満開
/sakura/3/23/55632.html,葉桜
/sakura/3/23/55109.html,5分咲き
/sakura/3/23/55160.html,咲き始め
/sakura/3/23/55108.html,満開
/sakura/3/23/55107.html,満開
/sakura/3/23/55102.html,散り始め
/sakura/3/23/50109.html,咲き始め
/sakura/3/23/50609.html,満開
/sakura/3/22/54610.html,葉桜
/sakura/3/22/55313.html,葉桜
/sakura/3/22/50306.html,満開
/sakura/3/22/54611.html,満開
/sakura/3/22/54612.html,葉桜
/sakura/3/22/50319.html,葉桜
/sakura/3/22/54614.html,葉桜
/sakura/3/22/50213.html,葉桜
/sakura/3/22/50880.html,葉桜
/sakura/3/22/54613.html,満開
/sakura/3/13/54108.html,散り始め
/sakura/3/13/54112.html,散り始め
/sakura/3/13/54115.html,つぼみ
/sakura/3/13/54113.html,満開
/sakura/3/13/54107.html,葉桜
/sakura/3/13/54154.html,葉桜
/sakura/3/13/50102.html,葉桜
/sakura/3/13/50254.html,葉桜
/sakura/3/13/54104.html,葉桜
/sakura/3/13/50224.html,葉桜
/sakura/3/12/54415.html,葉桜
/sakura/3/12/54106.html,葉桜
/sakura/3/12/54414.html,つぼみ
/sakura/3/12/51053.html,散り始め
/sakura/3/12/50183.html,葉桜
/sakura/3/12/50275.html,葉桜
/sakura/3/12/50185.html,葉桜
/sakura/3/12/54405.html,満開
/sakura/3/12/50298.html,葉桜
/sakura/3/12/50226.html,葉桜
/sakura/3/11/54207.html,葉桜
/sakura/3/11/50729.html,散り始め
/sakura/3/11/50229.html,葉桜
/sakura/3/11/50288.html,葉桜
/sakura/3/11/50290.html,葉桜
/sakura/3/11/54215.html,葉桜
/sakura/3/11/54203.html,葉桜
/sakura/3/11/54205.html,葉桜
/sakura/3/11/50272.html,葉桜
/sakura/3/11/50794.html,葉桜
/sakura/3/15/50103.html,葉桜
/sakura/3/15/50235.html,葉桜
/sakura/3/15/54310.html,葉桜
/sakura/3/15/54307.html,葉桜
/sakura/3/15/54309.html,葉桜
/sakura/3/15/50266.html,葉桜
/sakura/3/15/50178.html,葉桜
/sakura/3/15/54304.html,葉桜
/sakura/3/15/50283.html,葉桜
/sakura/3/15/50177.html,葉桜
/sakura/3/14/50247.html,葉桜
/sakura/3/14/50853.html,葉桜
/sakura/3/14/50844.html,葉桜
/sakura/3/14/50839.html,葉桜
/sakura/3/14/54402.html,葉桜
/sakura/3/14/54101.html,葉桜
/sakura/3/14/50232.html,葉桜
/sakura/3/14/54102.html,葉桜
/sakura/3/14/50278.html,葉桜
/sakura/3/14/50819.html,葉桜
/sakura/3/17/55164.html,葉桜
/sakura/3/17/50230.html,葉桜
/sakura/3/17/51047.html,葉桜
/sakura/3/17/50889.html,葉桜
/sakura/3/17/54503.html,葉桜
/sakura/3/17/51006.html,5分咲き
/sakura/3/17/54506.html,葉桜
/sakura/3/17/50104.html,葉桜
/sakura/3/17/50893.html,葉桜
/sakura/3/17/50895.html,葉桜
/sakura/3/16/54411.html,葉桜
/sakura/3/16/50820.html,葉桜
/sakura/3/16/50731.html,葉桜
/sakura/3/16/54602.html,葉桜
/sakura/3/16/54401.html,葉桜
/sakura/3/16/54620.html,葉桜
/sakura/3/16/54606.html,満開
/sakura/3/16/50859.html,葉桜
/sakura/3/16/54633.html,葉桜
/sakura/3/16/50802.html,葉桜
/sakura/2/10/50249.html,満開
/sakura/2/10/50992.html,7分咲き
/sakura/2/10/52551.html,7分咲き
/sakura/2/10/50782.html,満開
/sakura/2/10/50822.html,つぼみ
/sakura/2/10/50994.html,満開
/sakura/2/10/50191.html,咲き始め
/sakura/2/10/50262.html,散り始め
/sakura/2/10/52549.html,満開
/sakura/2/10/52548.html,咲き始め
/sakura/2/9/53105.html,つぼみ
/sakura/2/9/50138.html,つぼみ
/sakura/2/9/52531.html,咲き始め
/sakura/2/9/53103.html,つぼみ
/sakura/2/9/52534.html,5分咲き
/sakura/2/9/50194.html,つぼみ
/sakura/2/9/52532.html,咲き始め
/sakura/2/9/50203.html,つぼみ
/sakura/2/9/50817.html,つぼみ
/sakura/2/9/50996.html,咲き始め
/sakura/2/8/50140.html,つぼみ
/sakura/2/8/50260.html,つぼみ
/sakura/2/8/52315.html,つぼみ
/sakura/2/8/50257.html,つぼみ
/sakura/2/8/52324.html,つぼみ
/sakura/2/8/52316.html,つぼみ
/sakura/2/8/52313.html,つぼみ
/sakura/2/8/50265.html,つぼみ
/sakura/2/8/52320.html,つぼみ
/sakura/2/8/52319.html,つぼみ
/sakura/9/49/50988.html,葉桜
/sakura/9/49/51061.html,葉桜
/sakura/9/49/50599.html,葉桜
/sakura/9/49/50989.html,葉桜
/sakura/9/49/50597.html,葉桜
/sakura/9/49/50548.html,葉桜
/sakura/9/49/50557.html,葉桜
/sakura/9/49/50594.html,葉桜
/sakura/9/49/50547.html,葉桜
/sakura/9/49/50568.html,葉桜
/sakura/1/4/50055.html,つぼみ
/sakura/1/4/50045.html,つぼみ
/sakura/1/4/50042.html,つぼみ
/sakura/1/4/50071.html,つぼみ
/sakura/1/4/50037.html,つぼみ
/sakura/1/4/50049.html,つぼみ
/sakura/9/48/50605.html,葉桜
/sakura/9/48/50604.html,葉桜
/sakura/9/48/50984.html,葉桜
/sakura/9/48/50613.html,葉桜
/sakura/9/48/50569.html,葉桜
/sakura/9/48/50542.html,葉桜
/sakura/9/48/50541.html,葉桜
/sakura/9/48/50986.html,葉桜
/sakura/9/48/50725.html,葉桜
/sakura/9/48/50600.html,葉桜
/sakura/9/47/50981.html,葉桜
/sakura/9/47/50532.html,葉桜
/sakura/9/47/50760.html,葉桜
/sakura/9/47/50620.html,葉桜
/sakura/9/47/50534.html,葉桜
/sakura/9/47/50538.html,満開
/sakura/9/46/50523.html,葉桜
/sakura/9/46/50526.html,葉桜
/sakura/9/46/50583.html,葉桜
/sakura/9/46/50561.html,葉桜
/sakura/9/46/50530.html,葉桜
/sakura/9/46/50563.html,葉桜
/sakura/9/46/50587.html,葉桜
/sakura/9/46/50529.html,葉桜
/sakura/9/46/50528.html,葉桜
/sakura/9/46/50527.html,葉桜
/sakura/3/23/55104.html,5分咲き
/sakura/3/23/50237.html,満開
/sakura/3/23/55112.html,咲き始め
/sakura/3/23/50618.html,つぼみ
/sakura/3/23/55153.html,満開
/sakura/3/23/50110.html,7分咲き
/sakura/3/23/55161.html,満開
/sakura/3/23/50252.html,5分咲き
/sakura/3/23/55159.html,散り始め
/sakura/3/23/55110.html,散り始め
/sakura/3/22/50318.html,葉桜
/sakura/3/22/50304.html,葉桜
/sakura/3/22/55312.html,葉桜
/sakura/3/22/50299.html,葉桜
/sakura/3/22/51079.html,葉桜
/sakura/3/22/50300.html,葉桜
/sakura/3/22/50256.html,散り始め
/sakura/3/22/50161.html,葉桜
/sakura/3/13/51074.html,葉桜
/sakura/3/13/50268.html,満開
/sakura/3/13/54114.html,満開
/sakura/3/13/50108.html,葉桜
/sakura/3/12/50282.html,葉桜
/sakura/3/12/50280.html,葉桜
/sakura/3/12/50228.html,葉桜
/sakura/3/12/54406.html,5分咲き
/sakura/3/12/50227.html,葉桜
/sakura/3/12/51040.html,葉桜
/sakura/3/12/50101.html,散り始め
/sakura/3/12/51041.html,葉桜
/sakura/3/12/54404.html,葉桜
/sakura/3/12/50184.html,葉桜
/sakura/3/11/50246.html,葉桜
/sakura/3/11/54208.html,葉桜
/sakura/3/11/50793.html,葉桜
/sakura/3/11/54209.html,咲き始め
/sakura/3/11/54211.html,葉桜
/sakura/3/11/50792.html,葉桜
/sakura/3/11/54213.html,散り始め
/sakura/3/11/50289.html,葉桜
/sakura/3/11/54210.html,葉桜
/sakura/3/11/50829.html,葉桜
/sakura/3/15/54403.html,葉桜
/sakura/3/15/54306.html,葉桜
/sakura/3/15/50291.html,葉桜
/sakura/3/15/50284.html,葉桜
/sakura/3/15/54312.html,葉桜
/sakura/3/15/54311.html,葉桜
/sakura/3/15/52552.html,葉桜
/sakura/3/15/54301.html,葉桜
/sakura/3/15/51008.html,葉桜
/sakura/3/15/54305.html,葉桜
/sakura/3/14/50835.html,葉桜
/sakura/3/14/50181.html,葉桜
/sakura/3/14/54408.html,葉桜
/sakura/3/14/50854.html,葉桜
/sakura/3/14/50231.html,葉桜
/sakura/3/14/50860.html,葉桜
/sakura/3/14/50276.html,葉桜
/sakura/3/14/54110.html,葉桜
/sakura/3/14/50856.html,満開
/sakura/3/14/50841.html,葉桜
/sakura/3/17/50293.html,葉桜
/sakura/3/17/50165.html,散り始め
/sakura/3/17/50872.html,葉桜
/sakura/3/17/50733.html,葉桜
/sakura/3/17/54507.html,葉桜
/sakura/3/17/50292.html,葉桜
/sakura/3/17/50894.html,葉桜
/sakura/3/17/50267.html,葉桜
/sakura/3/17/54505.html,葉桜
/sakura/3/17/51005.html,葉桜
/sakura/3/16/50807.html,葉桜
/sakura/3/16/50805.html,葉桜
/sakura/3/16/50811.html,葉桜
/sakura/3/16/50810.html,満開
/sakura/3/16/50806.html,葉桜
/sakura/3/16/54603.html,葉桜
/sakura/3/16/50106.html,葉桜
/sakura/3/16/54413.html,葉桜
/sakura/3/16/54604.html,葉桜
/sakura/3/16/50281.html,葉桜
/sakura/2/10/52501.html,満開
/sakura/2/10/52504.html,満開
/sakura/2/10/50241.html,満開
/sakura/2/10/52508.html,つぼみ
/sakura/2/10/50130.html,散り始め
/sakura/2/10/50823.html,つぼみ
/sakura/2/10/50129.html,満開
/sakura/2/10/50259.html,つぼみ
/sakura/2/10/50727.html,満開
/sakura/2/10/50128.html,満開
/sakura/2/9/52538.html,つぼみ
/sakura/2/9/50136.html,咲き始め
/sakura/2/9/52541.html,つぼみ
/sakura/2/9/50193.html,つぼみ
/sakura/2/9/51054.html,つぼみ
/sakura/2/9/53104.html,咲き始め
/sakura/2/9/52535.html,つぼみ
/sakura/2/9/50137.html,咲き始め
/sakura/2/9/52536.html,つぼみ
/sakura/2/9/53124.html,つぼみ
/sakura/2/8/52323.html,つぼみ
/sakura/2/8/50139.html,つぼみ
/sakura/2/8/52317.html,つぼみ
/sakura/2/8/52310.html,つぼみ
/sakura/2/8/52311.html,つぼみ
/sakura/2/8/52318.html,つぼみ
/sakura/2/8/50245.html,つぼみ
/sakura/2/8/52312.html,つぼみ
/sakura/9/49/50544.html,葉桜
/sakura/9/45/51023.html,満開
/sakura/9/45/50519.html,葉桜
/sakura/9/45/50556.html,葉桜
/sakura/9/45/50522.html,葉桜
/sakura/9/45/50520.html,葉桜
/sakura/9/45/50521.html,葉桜
/sakura/9/45/50565.html,葉桜
/sakura/9/45/50567.html,葉桜
/sakura/9/45/50586.html,葉桜
/sakura/9/45/50566.html,葉桜
/sakura/9/48/50584.html,葉桜
/sakura/9/48/50574.html,葉桜
/sakura/9/48/50982.html,葉桜
/sakura/9/48/50985.html,葉桜
/sakura/9/48/50540.html,葉桜
/sakura/9/44/50515.html,葉桜
/sakura/9/44/50514.html,葉桜
/sakura/9/44/50518.html,葉桜
/sakura/9/44/50549.html,葉桜
/sakura/9/44/50560.html,葉桜
/sakura/9/44/50585.html,葉桜
/sakura/9/44/50570.html,葉桜
/sakura/9/44/50576.html,葉桜
/sakura/9/44/50980.html,葉桜
/sakura/9/44/50571.html,葉桜
/sakura/9/46/50552.html,葉桜
/sakura/9/46/50524.html,葉桜
/sakura/3/23/50881.html,咲き始め
/sakura/3/23/55101.html,満開
/sakura/3/23/50882.html,つぼみ
/sakura/3/23/55113.html,満開
/sakura/3/23/55631.html,満開
/sakura/3/23/55114.html,満開
/sakura/3/23/55626.html,満開
/sakura/3/23/55155.html,満開
/sakura/3/23/50163.html,つぼみ
/sakura/3/23/55103.html,7分咲き
/sakura/9/43/50505.html,葉桜
/sakura/9/43/50573.html,葉桜
/sakura/9/43/50878.html,葉桜
/sakura/9/43/50437.html,葉桜
/sakura/9/43/50582.html,散り始め
/sakura/9/43/50503.html,葉桜
/sakura/9/43/50511.html,葉桜
/sakura/9/43/50504.html,葉桜
/sakura/9/43/50977.html,葉桜
/sakura/9/43/51043.html,葉桜
/sakura/8/42/50446.html,散り始め
/sakura/8/42/50975.html,葉桜
/sakura/8/42/50424.html,葉桜
/sakura/8/42/50438.html,葉桜
/sakura/8/42/50970.html,葉桜
/sakura/8/42/50421.html,葉桜
/sakura/8/42/50439.html,葉桜
/sakura/8/42/50971.html,葉桜
/sakura/8/42/50972.html,葉桜
/sakura/8/42/50500.html,葉桜
/sakura/3/12/50160.html,葉桜
/sakura/3/12/50730.html,葉桜
/sakura/3/12/50865.html,葉桜
/sakura/3/11/50242.html,葉桜
/sakura/3/11/51009.html,散り始め
/sakura/3/11/50795.html,葉桜
/sakura/3/11/51010.html,散り始め
/sakura/3/11/54206.html,葉桜
/sakura/3/11/50273.html,葉桜
/sakura/3/11/50274.html,葉桜
/sakura/3/15/50206.html,葉桜
/sakura/3/15/50285.html,散り始め
/sakura/3/15/54303.html,葉桜
/sakura/3/14/51057.html,葉桜
/sakura/3/14/50840.html,散り始め
/sakura/3/14/51028.html,葉桜
/sakura/3/14/50849.html,葉桜
/sakura/3/14/51072.html,葉桜
/sakura/3/14/50297.html,葉桜
/sakura/3/14/50848.html,葉桜
/sakura/3/14/54103.html,散り始め
/sakura/3/14/50851.html,葉桜
/sakura/3/14/51073.html,葉桜
/sakura/3/17/50883.html,葉桜
/sakura/3/17/50831.html,葉桜
/sakura/3/17/55315.html,葉桜
/sakura/3/17/50997.html,葉桜
/sakura/3/17/50724.html,葉桜
/sakura/3/17/50619.html,葉桜
/sakura/3/17/50294.html,葉桜
/sakura/3/16/50801.html,葉桜
/sakura/3/16/50884.html,葉桜
/sakura/3/16/50732.html,葉桜
/sakura/3/16/54308.html,葉桜
/sakura/3/16/50799.html,葉桜
/sakura/3/16/50815.html,葉桜
/sakura/3/16/50814.html,葉桜
/sakura/3/16/50800.html,葉桜
/sakura/3/16/50768.html,葉桜
/sakura/3/16/51007.html,葉桜
/sakura/2/10/52545.html,満開
/sakura/2/10/50157.html,満開
/sakura/2/10/50791.html,散り始め
/sakura/2/10/50871.html,つぼみ
/sakura/2/10/52542.html,散り始め
/sakura/2/10/50153.html,散り始め
/sakura/2/10/52543.html,満開
/sakura/2/10/52544.html,満開
/sakura/2/10/50993.html,満開
/sakura/2/10/54214.html,葉桜
/sakura/2/9/52530.html,咲き始め
/sakura/2/9/55162.html,つぼみ
/sakura/2/9/50722.html,咲き始め
/sakura/2/9/52533.html,咲き始め
/sakura/2/9/50761.html,咲き始め
/sakura/2/9/52537.html,つぼみ
/sakura/8/41/50497.html,葉桜
/sakura/8/41/51075.html,葉桜
/sakura/8/41/50396.html,満開
/sakura/8/41/50967.html,葉桜
/sakura/8/41/50398.html,葉桜
/sakura/8/41/57016.html,葉桜
/sakura/8/41/51021.html,葉桜
/sakura/8/41/50501.html,葉桜
/sakura/8/41/50323.html,葉桜
/sakura/8/41/51011.html,葉桜
/sakura/8/40/50433.html,葉桜
/sakura/8/40/50873.html,葉桜
/sakura/8/40/50432.html,葉桜
/sakura/8/40/50963.html,葉桜
/sakura/8/40/57008.html,葉桜
/sakura/8/40/50783.html,葉桜
/sakura/8/40/50495.html,葉桜
/sakura/8/40/50785.html,葉桜
/sakura/8/40/57001.html,葉桜
/sakura/8/40/50608.html,葉桜
/sakura/9/45/50603.html,葉桜
/sakura/8/39/50326.html,葉桜
/sakura/8/39/50325.html,葉桜
/sakura/8/39/50960.html,葉桜
/sakura/8/39/50436.html,葉桜
/sakura/8/39/50417.html,葉桜
/sakura/8/39/50416.html,葉桜
/sakura/8/39/50419.html,葉桜
/sakura/7/38/50453.html,葉桜
/sakura/7/38/50451.html,散り始め
/sakura/7/38/50431.html,葉桜
/sakura/7/38/50953.html,葉桜
/sakura/7/38/50490.html,葉桜
/sakura/7/38/50770.html,葉桜
/sakura/7/38/50450.html,葉桜
/sakura/7/38/50954.html,葉桜
/sakura/7/38/58038.html,葉桜
/sakura/7/38/58037.html,葉桜
/sakura/7/37/58040.html,葉桜
/sakura/7/37/50454.html,5分咲き
/sakura/7/37/58007.html,葉桜
/sakura/7/37/58003.html,葉桜
/sakura/7/37/50462.html,葉桜
/sakura/7/37/50328.html,葉桜
/sakura/7/37/56726.html,葉桜
/sakura/7/37/58036.html,葉桜
/sakura/7/37/58002.html,葉桜
/sakura/7/37/50479.html,葉桜
/sakura/3/23/50863.html,満開
/sakura/3/23/50279.html,満開
/sakura/3/23/55105.html,満開
/sakura/3/23/55157.html,咲き始め
/sakura/3/23/50147.html,満開
/sakura/3/23/51025.html,満開
/sakura/3/23/50146.html,7分咲き
/sakura/3/23/50148.html,つぼみ
/sakura/3/23/55158.html,満開
/sakura/3/23/55111.html,満開
/sakura/9/43/50755.html,葉桜
/sakura/9/43/50590.html,葉桜
/sakura/9/43/50509.html,葉桜
/sakura/9/43/50591.html,葉桜
/sakura/9/43/50589.html,葉桜
/sakura/9/43/50869.html,葉桜
/sakura/9/43/50502.html,葉桜
/sakura/9/43/51068.html,散り始め
/sakura/9/43/50976.html,葉桜
/sakura/9/43/50513.html,葉桜
/sakura/8/42/50444.html,葉桜
/sakura/8/42/50423.html,葉桜
/sakura/7/36/56733.html,葉桜
/sakura/7/36/56737.html,葉桜
/sakura/7/36/56732.html,葉桜
/sakura/7/36/50478.html,散り始め
/sakura/7/36/50949.html,葉桜
/sakura/7/36/56701.html,葉桜
/sakura/7/36/56703.html,葉桜
/sakura/7/36/50332.html,咲き始め
/sakura/7/36/50458.html,葉桜
/sakura/7/36/56734.html,満開
/sakura/7/35/56618.html,葉桜
/sakura/7/35/56620.html,葉桜
/sakura/7/35/56619.html,葉桜
/sakura/7/35/56613.html,葉桜
/sakura/7/35/56622.html,散り始め
/sakura/7/35/50447.html,散り始め
/sakura/7/35/56623.html,葉桜
/sakura/7/35/56616.html,葉桜
/sakura/7/35/50464.html,葉桜
/sakura/7/35/51022.html,散り始め
/sakura/7/34/56603.html,葉桜
/sakura/7/34/50947.html,葉桜
/sakura/7/34/56609.html,葉桜
/sakura/7/34/56602.html,葉桜
/sakura/7/34/56611.html,葉桜
/sakura/7/34/56624.html,葉桜
/sakura/7/34/56601.html,葉桜
/sakura/7/34/56607.html,葉桜
/sakura/7/34/50946.html,葉桜
/sakura/7/34/50327.html,葉桜
/sakura/3/14/50277.html,葉桜
/sakura/3/14/50845.html,葉桜
/sakura/3/14/50861.html,葉桜
/sakura/3/14/50857.html,葉桜
/sakura/3/14/51044.html,満開
/sakura/3/14/50182.html,葉桜
/sakura/3/14/54410.html,葉桜
/sakura/3/14/50850.html,葉桜
/sakura/6/33/50941.html,葉桜
/sakura/6/33/56404.html,葉桜
/sakura/6/33/56427.html,葉桜
/sakura/6/33/50321.html,葉桜
/sakura/6/33/56408.html,葉桜
/sakura/6/33/56405.html,葉桜
/sakura/6/33/56406.html,葉桜
/sakura/6/33/56415.html,葉桜
/sakura/6/33/50942.html,葉桜
/sakura/6/33/56407.html,葉桜
/sakura/3/16/51034.html,葉桜
/sakura/3/16/54624.html,散り始め
/sakura/3/16/54623.html,葉桜
/sakura/3/16/50803.html,葉桜
/sakura/3/16/54314.html,葉桜
/sakura/3/16/50207.html,葉桜
/sakura/3/16/50804.html,葉桜
/sakura/3/16/54605.html,葉桜
/sakura/3/16/54626.html,葉桜
/sakura/3/16/54615.html,葉桜
/sakura/2/10/52540.html,満開
/sakura/2/10/51056.html,散り始め
/sakura/2/10/52505.html,5分咲き
/sakura/2/10/52546.html,5分咲き
/sakura/2/10/50821.html,つぼみ
/sakura/2/10/52509.html,7分咲き
/sakura/2/10/50131.html,散り始め
/sakura/2/10/52547.html,満開
/sakura/2/10/50876.html,葉桜
/sakura/2/10/50190.html,満開
/sakura/6/32/56435.html,葉桜
/sakura/6/32/56428.html,葉桜
/sakura/6/32/50428.html,散り始め
/sakura/6/32/56182.html,散り始め
/sakura/6/32/50410.html,葉桜
/sakura/6/32/50383.html,葉桜
/sakura/6/32/50412.html,葉桜
/sakura/6/32/56423.html,葉桜
/sakura/6/32/56424.html,葉桜
/sakura/6/32/51016.html,葉桜
/sakura/8/41/57015.html,葉桜
/sakura/8/41/50456.html,葉桜
/sakura/8/40/50784.html,葉桜
/sakura/8/40/50434.html,葉桜
/sakura/8/40/50786.html,葉桜
/sakura/6/28/51038.html,散り始め
/sakura/6/28/50929.html,葉桜
/sakura/6/28/56103.html,葉桜
/sakura/6/28/56172.html,つぼみ
/sakura/6/28/56104.html,散り始め
/sakura/6/28/50404.html,散り始め
/sakura/6/28/56101.html,葉桜
/sakura/6/28/50926.html,葉桜
/sakura/6/28/50403.html,葉桜
/sakura/6/28/50402.html,散り始め
/sakura/6/29/56116.html,葉桜
/sakura/6/29/50939.html,葉桜
/sakura/6/29/56122.html,葉桜
/sakura/6/29/51018.html,7分咲き
/sakura/6/29/56146.html,散り始め
/sakura/6/29/56118.html,満開
/sakura/6/29/50938.html,葉桜
/sakura/6/29/56114.html,散り始め
/sakura/6/29/56419.html,葉桜
/sakura/6/29/56510.html,葉桜
/sakura/7/38/58016.html,葉桜
/sakura/7/38/58011.html,葉桜
/sakura/7/38/58021.html,葉桜
/sakura/7/38/50430.html,葉桜
/sakura/7/38/58014.html,葉桜
/sakura/7/38/50771.html,葉桜
/sakura/7/38/58042.html,葉桜
/sakura/7/38/58013.html,葉桜
/sakura/7/38/58025.html,葉桜
/sakura/7/38/58023.html,葉桜
/sakura/7/37/50461.html,葉桜
/sakura/7/37/56724.html,満開
/sakura/7/37/56715.html,葉桜
/sakura/7/37/50489.html,葉桜
/sakura/7/37/58043.html,散り始め
/sakura/7/37/58005.html,葉桜
/sakura/7/37/50834.html,葉桜
/sakura/7/37/56712.html,葉桜
/sakura/7/37/58001.html,散り始め
/sakura/7/37/58004.html,葉桜
/sakura/3/23/50763.html,咲き始め
/sakura/9/43/50510.html,葉桜
/sakura/9/43/50759.html,葉桜
/sakura/9/43/50592.html,葉桜
/sakura/9/43/50572.html,葉桜
/sakura/9/43/51048.html,葉桜
/sakura/6/31/56145.html,葉桜
/sakura/6/31/56506.html,葉桜
/sakura/6/31/56152.html,葉桜
/sakura/6/31/50391.html,5分咲き
/sakura/6/31/56141.html,葉桜
/sakura/6/31/56185.html,満開
/sakura/6/31/50392.html,葉桜
/sakura/6/31/56507.html,葉桜
/sakura/6/31/51066.html,葉桜
/sakura/6/31/51067.html,葉桜
/sakura/7/36/56719.html,葉桜
/sakura/7/36/56711.html,葉桜
/sakura/7/36/56728.html,葉桜
/sakura/7/36/50723.html,葉桜
/sakura/7/36/56718.html,葉桜
/sakura/7/36/56731.html,満開
/sakura/7/36/50475.html,葉桜
/sakura/7/36/56730.html,葉桜
/sakura/7/36/56717.html,葉桜
/sakura/7/36/50474.html,葉桜
/sakura/7/35/56617.html,葉桜
/sakura/7/35/56615.html,葉桜
/sakura/7/35/50480.html,葉桜
/sakura/7/35/50948.html,葉桜
/sakura/7/35/56612.html,葉桜
/sakura/7/35/58024.html,葉桜
/sakura/7/34/56610.html,葉桜
/sakura/6/30/56125.html,葉桜
/sakura/6/30/50385.html,葉桜
/sakura/6/30/50465.html,葉桜
/sakura/6/30/56127.html,葉桜
/sakura/6/30/56738.html,葉桜
/sakura/6/30/50781.html,満開
/sakura/6/30/50709.html,葉桜
/sakura/6/30/56436.html,葉桜
/sakura/6/30/56126.html,葉桜
/sakura/6/30/50940.html,葉桜
/sakura/6/33/56403.html,葉桜
/sakura/6/33/56401.html,葉桜
/sakura/3/16/54634.html,葉桜
/sakura/3/16/54625.html,葉桜
/sakura/3/16/54412.html,葉桜
/sakura/3/16/50809.html,葉桜
/sakura/3/16/50813.html,葉桜
/sakura/3/16/54627.html,葉桜
/sakura/3/16/54616.html,葉桜
/sakura/3/16/50769.html,葉桜
/sakura/3/16/50808.html,葉桜
/sakura/3/16/50797.html,葉桜
/sakura/2/10/52550.html,咲き始め
/sakura/2/10/54201.html,散り始め
/sakura/2/10/54212.html,葉桜
/sakura/2/10/50151.html,咲き始め
/sakura/2/10/50155.html,散り始め
/sakura/2/10/52510.html,咲き始め
/sakura/2/10/51055.html,散り始め
/sakura/2/10/52503.html,散り始め
/sakura/2/10/50726.html,散り始め
/sakura/2/10/52539.html,咲き始め
/sakura/6/32/56426.html,葉桜
/sakura/6/32/56444.html,散り始め
/sakura/6/32/50425.html,葉桜
/sakura/6/32/56421.html,葉桜
/sakura/6/32/56437.html,つぼみ
/sakura/6/32/56432.html,葉桜
/sakura/6/32/50467.html,7分咲き
/sakura/6/32/50485.html,散り始め
/sakura/6/32/50389.html,葉桜
/sakura/6/32/50426.html,葉桜
/sakura/5/27/56434.html,葉桜
/sakura/5/27/50315.html,葉桜
/sakura/5/27/50384.html,葉桜
/sakura/5/27/50311.html,葉桜
/sakura/5/27/50703.html,葉桜
/sakura/5/27/55621.html,葉桜
/sakura/5/27/55620.html,葉桜
/sakura/5/27/51017.html,葉桜
/sakura/5/27/55618.html,葉桜
/sakura/5/27/55619.html,散り始め
/sakura/5/25/50339.html,葉桜
/sakura/5/25/50360.html,葉桜
/sakura/5/25/55307.html,葉桜
/sakura/5/25/54501.html,葉桜
/sakura/5/25/50341.html,葉桜
/sakura/5/25/50340.html,葉桜
/sakura/5/25/55314.html,葉桜
/sakura/5/25/50911.html,葉桜
/sakura/5/25/50308.html,葉桜
/sakura/5/25/50368.html,散り始め
/sakura/6/28/55617.html,散り始め
/sakura/6/28/50481.html,散り始め
/sakura/6/28/50750.html,散り始め
/sakura/6/28/51039.html,葉桜
/sakura/6/28/50455.html,散り始め
/sakura/6/28/50469.html,散り始め
/sakura/6/28/56150.html,葉桜
/sakura/6/28/50928.html,葉桜
/sakura/6/28/51037.html,葉桜
/sakura/6/28/50751.html,散り始め
/sakura/6/29/56109.html,散り始め
/sakura/6/29/50874.html,散り始め
/sakura/6/29/56184.html,葉桜
/sakura/6/29/56513.html,葉桜
/sakura/6/29/50930.html,満開
/sakura/6/29/50775.html,葉桜
/sakura/6/29/56112.html,満開
/sakura/6/29/50334.html,葉桜
/sakura/6/29/56110.html,葉桜
/sakura/6/29/56164.html,葉桜
/sakura/7/38/58035.html,葉桜
/sakura/7/38/50955.html,葉桜
/sakura/7/38/58009.html,葉桜
/sakura/7/38/58033.html,葉桜
/sakura/7/38/50337.html,葉桜
/sakura/7/38/58015.html,葉桜
/sakura/7/38/50787.html,葉桜
/sakura/7/37/58044.html,散り始め
/sakura/7/37/58008.html,葉桜
/sakura/7/37/58041.html,葉桜
/sakura/5/24/55616.html,葉桜
/sakura/5/24/50351.html,散り始め
/sakura/5/24/50373.html,葉桜
/sakura/5/24/50779.html,葉桜
/sakura/5/24/55629.html,葉桜
/sakura/5/24/55604.html,葉桜
/sakura/5/24/50355.html,満開
/sakura/5/24/50162.html,葉桜
/sakura/5/24/50380.html,葉桜
/sakura/5/24/50372.html,葉桜
/sakura/5/26/55628.html,葉桜
/sakura/5/26/50862.html,葉桜
/sakura/5/26/50915.html,葉桜
/sakura/5/26/50361.html,葉桜
/sakura/5/26/55601.html,葉桜
/sakura/5/26/50743.html,葉桜
/sakura/5/26/50744.html,葉桜
/sakura/5/26/50342.html,葉桜
/sakura/5/26/50916.html,葉桜
/sakura/5/26/55624.html,葉桜
/sakura/6/31/51036.html,満開
/sakura/6/31/56131.html,葉桜
/sakura/6/31/51032.html,葉桜
/sakura/6/31/56502.html,葉桜
/sakura/6/31/50767.html,葉桜
/sakura/6/31/50713.html,葉桜
/sakura/6/31/56133.html,葉桜
/sakura/6/31/56186.html,葉桜
/sakura/6/31/56132.html,葉桜
/sakura/6/31/50312.html,葉桜
/sakura/7/36/50460.html,葉桜
/sakura/7/36/50330.html,満開
/sakura/7/36/56708.html,葉桜
/sakura/7/36/56727.html,葉桜
/sakura/7/36/50459.html,葉桜
/sakura/7/36/50331.html,満開
/sakura/7/36/50440.html,葉桜
/sakura/7/36/56707.html,葉桜
/sakura/7/36/56705.html,葉桜
/sakura/7/36/50442.html,満開
/sakura/4/21/50902.html,葉桜
/sakura/4/21/55807.html,葉桜
/sakura/4/21/50125.html,満開
/sakura/4/21/55802.html,葉桜
/sakura/4/21/55805.html,満開
/sakura/4/21/55808.html,葉桜
/sakura/4/21/55803.html,散り始め
/sakura/4/21/55810.html,葉桜
/sakura/4/21/51045.html,葉桜
/sakura/4/21/51060.html,つぼみ
/sakura/4/20/50126.html,つぼみ
/sakura/4/20/50121.html,満開
/sakura/4/20/55827.html,満開
/sakura/4/20/55825.html,散り始め
/sakura/4/20/55822.html,散り始め
/sakura/4/20/55831.html,葉桜
/sakura/4/20/50897.html,散り始め
/sakura/4/20/55821.html,葉桜
/sakura/4/20/55826.html,満開
/sakura/4/20/55848.html,散り始め
/sakura/6/30/56130.html,葉桜
/sakura/6/30/56417.html,葉桜
/sakura/6/30/56119.html,葉桜
/sakura/6/30/50766.html,
/sakura/6/30/56433.html,葉桜
/sakura/6/30/51035.html,葉桜
/sakura/6/30/56124.html,散り始め
/sakura/6/30/56123.html,葉桜
/sakura/6/30/50482.html,葉桜
/sakura/6/30/56178.html,葉桜
/sakura/4/19/55832.html,散り始め
/sakura/4/19/50127.html,満開
/sakura/4/19/50122.html,散り始め
/sakura/4/19/50188.html,散り始め
/sakura/4/19/55829.html,散り始め
/sakura/4/19/50124.html,つぼみ
/sakura/4/19/55842.html,葉桜
/sakura/4/19/50828.html,散り始め
/sakura/4/19/50827.html,散り始め
/sakura/4/19/50995.html,散り始め
/sakura/4/18/53122.html,満開
/sakura/4/18/53106.html,満開
/sakura/4/18/50117.html,つぼみ
/sakura/4/18/53108.html,7分咲き
/sakura/4/18/53112.html,満開
/sakura/4/18/53111.html,満開
/sakura/4/18/50118.html,つぼみ
/sakura/4/18/51052.html,5分咲き
/sakura/4/18/50774.html,5分咲き
/sakura/4/18/50115.html,満開
/sakura/2/10/50991.html,満開
/sakura/2/10/50728.html,7分咲き
/sakura/2/10/54202.html,葉桜
/sakura/2/10/50221.html,満開
/sakura/2/10/52507.html,咲き始め
/sakura/2/10/50156.html,散り始め
/sakura/2/10/50158.html,満開
/sakura/2/10/50189.html,咲き始め
/sakura/6/32/50877.html,散り始め
/sakura/6/32/56425.html,葉桜
/sakura/6/32/56441.html,葉桜
/sakura/6/32/56429.html,葉桜
/sakura/6/32/56431.html,葉桜
/sakura/6/32/56430.html,葉桜
/sakura/5/27/55622.html,葉桜
/sakura/5/27/55608.html,葉桜
/sakura/5/25/50907.html,葉桜
/sakura/5/25/50367.html,葉桜
/sakura/5/25/50316.html,葉桜
/sakura/5/25/55304.html,葉桜
/sakura/5/25/51059.html,散り始め
/sakura/5/25/51062.html,葉桜
/sakura/5/25/50307.html,葉桜
/sakura/5/25/55305.html,葉桜
/sakura/5/25/51058.html,葉桜
/sakura/5/25/50359.html,葉桜
/sakura/6/28/56148.html,散り始め
/sakura/6/28/56106.html,葉桜
/sakura/6/28/50927.html,葉桜
/sakura/6/29/50932.html,葉桜
/sakura/6/29/50933.html,葉桜
/sakura/6/29/56162.html,満開
/sakura/6/29/56512.html,葉桜
/sakura/6/29/50752.html,満開
/sakura/6/29/50324.html,葉桜
/sakura/6/29/56115.html,葉桜
/sakura/6/29/56175.html,葉桜
/sakura/6/29/56176.html,葉桜
/sakura/6/29/56166.html,散り始め
/sakura/2/7/50134.html,7分咲き
/sakura/2/7/50135.html,5分咲き
/sakura/2/7/52518.html,満開
/sakura/2/7/52103.html,咲き始め
/sakura/2/7/52520.html,咲き始め
/sakura/2/7/52525.html,満開
/sakura/2/7/52526.html,咲き始め
/sakura/2/7/52516.html,咲き始め
/sakura/2/7/52512.html,散り始め
/sakura/2/7/52519.html,5分咲き
/sakura/2/6/50200.html,つぼみ
/sakura/2/6/52106.html,つぼみ
/sakura/2/6/52108.html,つぼみ
/sakura/2/6/52101.html,つぼみ
/sakura/2/6/52116.html,つぼみ
/sakura/2/6/50789.html,つぼみ
/sakura/2/6/50217.html,咲き始め
/sakura/2/6/51004.html,つぼみ
/sakura/2/6/51020.html,つぼみ
/sakura/2/6/52113.html,つぼみ
/sakura/5/24/55630.html,咲き始め
/sakura/5/24/50348.html,葉桜
/sakura/5/24/55613.html,葉桜
/sakura/5/24/50255.html,つぼみ
/sakura/5/24/50352.html,5分咲き
/sakura/5/24/50740.html,葉桜
/sakura/5/24/50741.html,散り始め
/sakura/5/24/55612.html,葉桜
/sakura/5/24/50240.html,葉桜
/sakura/5/24/50379.html,散り始め
/sakura/5/26/50375.html,葉桜
/sakura/5/26/50363.html,葉桜
/sakura/5/26/50772.html,葉桜
/sakura/5/26/55625.html,葉桜
/sakura/5/26/50875.html,葉桜
/sakura/5/26/55603.html,葉桜
/sakura/5/26/50707.html,葉桜
/sakura/5/26/50362.html,葉桜
/sakura/5/26/50745.html,散り始め
/sakura/5/26/50765.html,満開
/sakura/6/31/56143.html,葉桜
/sakura/6/31/50776.html,葉桜
/sakura/6/31/50393.html,葉桜
/sakura/6/31/56174.html,葉桜
/sakura/6/31/56140.html,葉桜
/sakura/6/31/56142.html,葉桜
/sakura/6/31/56134.html,葉桜
/sakura/6/31/50870.html,葉桜
/sakura/6/31/50712.html,葉桜
/sakura/6/31/50378.html,散り始め
/sakura/2/5/52322.html,つぼみ
/sakura/2/5/50617.html,つぼみ
/sakura/2/5/52120.html,つぼみ
/sakura/2/5/50251.html,つぼみ
/sakura/2/5/52122.html,つぼみ
/sakura/2/5/50143.html,つぼみ
/sakura/2/5/52118.html,つぼみ
/sakura/2/5/50199.html,つぼみ
/sakura/2/5/50144.html,つぼみ
/sakura/2/5/52321.html,つぼみ
/sakura/4/21/50244.html,つぼみ
/sakura/4/21/55806.html,葉桜
/sakura/4/21/55809.html,散り始め
/sakura/4/21/50777.html,散り始め
/sakura/4/21/50738.html,葉桜
/sakura/4/21/50818.html,葉桜
/sakura/4/20/50401.html,満開
/sakura/4/20/55824.html,葉桜
/sakura/4/20/51029.html,満開
/sakura/4/20/55847.html,満開
/sakura/4/20/50816.html,5分咲き
/sakura/4/20/55823.html,葉桜
/sakura/6/30/50386.html,葉桜
/sakura/6/30/56440.html,葉桜
/sakura/4/19/55828.html,散り始め
/sakura/4/19/55849.html,散り始め
/sakura/4/19/55843.html,葉桜
/sakura/4/19/51069.html,葉桜
/sakura/4/19/55830.html,散り始め
/sakura/4/19/50825.html,散り始め
/sakura/4/19/50123.html,葉桜
/sakura/4/19/55850.html,葉桜
/sakura/4/19/50830.html,葉桜
/sakura/4/19/51071.html,散り始め
/sakura/4/18/50149.html,満開
/sakura/4/18/50112.html,満開
/sakura/4/18/51051.html,満開
/sakura/4/18/53121.html,散り始め
/sakura/4/18/50120.html,満開
/sakura/4/18/50111.html,つぼみ
/sakura/4/18/53107.html,満開
/sakura/4/18/53114.html,満開
/sakura/4/18/50119.html,満開
/sakura/4/18/50114.html,5分咲き
/sakura/5/25/50302.html,葉桜
/sakura/5/25/50913.html,葉桜
/sakura/5/25/50369.html,散り始め
/sakura/5/25/50910.html,葉桜
/sakura/5/25/51065.html,葉桜
/sakura/5/25/51012.html,葉桜
/sakura/5/25/50912.html,葉桜
/sakura/5/25/55301.html,葉桜
/sakura/5/25/50908.html,散り始め
/sakura/5/25/55309.html,葉桜
/sakura/6/29/56149.html,葉桜
/sakura/6/29/50329.html,葉桜
/sakura/6/29/56107.html,葉桜
/sakura/6/29/56160.html,葉桜
/sakura/6/29/56167.html,葉桜
/sakura/6/29/50397.html,葉桜
/sakura/6/29/50407.html,葉桜
/sakura/6/29/50333.html,咲き始め
/sakura/6/29/56108.html,葉桜
/sakura/6/29/51080.html,散り始め
/sakura/2/7/52515.html,つぼみ
/sakura/2/7/52524.html,満開
/sakura/2/7/50234.html,満開
/sakura/2/7/52521.html,咲き始め
/sakura/2/7/52517.html,7分咲き
/sakura/2/7/52513.html,満開
/sakura/2/7/52511.html,散り始め
/sakura/2/7/51063.html,咲き始め
/sakura/2/7/50172.html,つぼみ
/sakura/2/6/52115.html,つぼみ
/sakura/2/6/51003.html,つぼみ
/sakura/2/6/50261.html,つぼみ
/sakura/2/6/51001.html,つぼみ
/sakura/2/6/50719.html,つぼみ
/sakura/2/6/50198.html,咲き始め
/sakura/2/6/52125.html,つぼみ
/sakura/2/6/50258.html,つぼみ
/sakura/2/6/52109.html,つぼみ
/sakura/2/6/52110.html,つぼみ
/sakura/5/24/50347.html,葉桜
/sakura/5/24/50349.html,葉桜
/sakura/5/24/55615.html,葉桜
/sakura/5/24/50345.html,散り始め
/sakura/5/24/55606.html,葉桜
/sakura/5/24/50358.html,5分咲き
/sakura/5/24/55610.html,散り始め
/sakura/5/24/50346.html,葉桜
/sakura/5/24/55605.html,葉桜
/sakura/5/24/50356.html,7分咲き
/sakura/5/26/50233.html,葉桜
/sakura/5/26/50746.html,散り始め
/sakura/5/26/50914.html,葉桜
/sakura/5/26/50370.html,葉桜
/sakura/5/26/50749.html,葉桜
/sakura/5/26/50764.html,葉桜
/sakura/2/5/52325.html,つぼみ
/sakura/2/5/52119.html,つぼみ
/sakura/4/19/55846.html,葉桜
/sakura/4/19/55844.html,葉桜
/sakura/4/19/50826.html,散り始め
/sakura/4/18/50735.html,5分咲き
/sakura/4/18/55845.html,満開
/sakura/4/18/53102.html,満開
/sakura/4/18/53110.html,つぼみ
/sakura/4/18/53109.html,7分咲き
/sakura/4/18/53123.html,7分咲き
/sakura/4/18/50116.html,咲き始め
/sakura/5/25/55310.html,葉桜
/sakura/5/25/50366.html,葉桜
/sakura/5/25/50824.html,葉桜
/sakura/5/25/50303.html,満開
/sakura/5/25/51064.html,葉桜
/sakura/5/25/55302.html,葉桜
/sakura/6/29/56505.html,葉桜
/sakura/6/29/56111.html,散り始め
/sakura/6/29/50754.html,散り始め
/sakura/6/29/50931.html,葉桜
/sakura/6/29/56163.html,葉桜
/sakura/6/29/50388.html,葉桜
/sakura/6/29/50710.html,葉桜
/sakura/6/29/56177.html,満開
/sakura/6/29/51024.html,葉桜
/sakura/6/29/56113.html,葉桜
/sakura/2/6/52105.html,つぼみ
/sakura/2/6/52107.html,咲き始め
/sakura/2/6/51002.html,咲き始め
/sakura/2/6/52114.html,つぼみ
/sakura/2/6/52117.html,つぼみ
/sakura/5/24/55614.html,葉桜
/sakura/6/29/56173.html,葉桜
/sakura/6/29/56180.html,葉桜
/sakura/6/29/50468.html,葉桜
/sakura/6/29/50338.html,葉桜
/sakura/6/29/50405.html,散り始め
/sakura/6/29/50429.html,葉桜
/sakura/6/29/56165.html,散り始め
/sakura/6/29/50715.html,葉桜
